epoch,train_loss,valid_loss,accuracy,error_rate,time
0,0.9745299220085144,0.5617571473121643,0.8324622511863708,0.16753776371479034,00:33
