epoch,train_loss,valid_loss,accuracy,error_rate,time
0,0.982148289680481,0.5753506422042847,0.824617862701416,0.17538213729858398,00:31
