epoch,train_loss,valid_loss,accuracy,error_rate,time
0,1.6161656379699707,1.0774152278900146,0.6781609058380127,0.3218390941619873,00:25
