epoch,train_loss,valid_loss,accuracy,error_rate,time
0,0.9743027091026306,0.5540593266487122,0.8304023146629333,0.16959770023822784,00:31
