epoch,train_loss,valid_loss,accuracy,error_rate,time
0,1.358717918395996,0.8801379799842834,0.6524999737739563,0.3474999964237213,00:27
