epoch,train_loss,valid_loss,accuracy,error_rate,time
0,1.3743566274642944,1.1319925785064697,0.6141363978385925,0.3858635723590851,00:31
1,1.0531123876571655,0.7039646506309509,0.7227723002433777,0.2772277295589447,00:30
