epoch,train_loss,valid_loss,accuracy,error_rate,time
0,1.3719943761825562,0.9274219870567322,0.6452777981758118,0.3547222316265106,00:29
