epoch,train_loss,valid_loss,accuracy,error_rate,time
0,0.30022504925727844,0.15189789235591888,0.934166669845581,0.06583333015441895,00:31
