epoch,train_loss,valid_loss,accuracy,error_rate,time
0,1.3572354316711426,0.8949066996574402,0.6499999761581421,0.3499999940395355,00:30
