epoch,train_loss,valid_loss,accuracy,error_rate,time
0,0.9951296448707581,0.761268138885498,0.7017495036125183,0.2982504963874817,00:29
1,0.8141568899154663,0.5977945327758789,0.7642321586608887,0.23576784133911133,00:29
