epoch,train_loss,valid_loss,accuracy,error_rate,time
0,1.0032660961151123,0.7362229228019714,0.7124999761581421,0.2874999940395355,00:28
1,0.8210785984992981,0.5981825590133667,0.7683333158493042,0.2316666692495346,00:30
