epoch,train_loss,valid_loss,accuracy,error_rate,time
0,1.3468691110610962,0.9414825439453125,0.6416666507720947,0.3583333194255829,00:27
