epoch,train_loss,valid_loss,accuracy,error_rate,time
0,1.3652076721191406,0.9138758778572083,0.6519444584846497,0.34805554151535034,00:33
