epoch,train_loss,valid_loss,accuracy,error_rate,time
0,1.3528646230697632,0.9072449207305908,0.6511111259460449,0.3488888740539551,00:27
