epoch,train_loss,valid_loss,accuracy,error_rate,time
0,1.3551594018936157,0.899948239326477,0.6536111235618591,0.34638887643814087,00:29
