epoch,train_loss,valid_loss,accuracy,error_rate,time
0,1.0450612306594849,0.7904472351074219,0.6981993913650513,0.30180057883262634,00:29
1,0.8420364260673523,0.6373150944709778,0.7532921433448792,0.24670787155628204,00:29
