epoch,train_loss,valid_loss,accuracy,error_rate,time
0,1.3749372959136963,0.9070951342582703,0.6577777862548828,0.3422222137451172,00:27
