epoch,train_loss,valid_loss,accuracy,error_rate,time
0,1.3382267951965332,0.862084150314331,0.6702777743339539,0.32972222566604614,00:28
