epoch,train_loss,valid_loss,accuracy,error_rate,time
0,1.3700333833694458,0.8962180018424988,0.6547222137451172,0.3452777862548828,00:28
