epoch,train_loss,valid_loss,accuracy,error_rate,time
0,1.3584187030792236,0.8975924849510193,0.6580555438995361,0.34194445610046387,00:29
