epoch,train_loss,valid_loss,accuracy,error_rate,time
0,1.369350552558899,0.8816789984703064,0.659166693687439,0.3408333361148834,00:32
