epoch,train_loss,valid_loss,accuracy,error_rate,time
0,1.3504865169525146,0.8957324624061584,0.6583333611488342,0.34166666865348816,00:39
